{
  "meta": {
    "draft_path": "C:\\Users\\MSI\\scoreboard_tool\\matches\\Vinh_set1_segdebug_v4_draft.json",
    "video_path": "C:\\Users\\MSI\\scoreboard_tool\\Vinh_set1.mp4",
    "player_a_side": "right",
    "stride": 2,
    "pre_sec": 0.35,
    "post_sec": 1.2,
    "recovery_sec": 2.0,
    "margin_sec": 0.15,
    "min_gap": 0.12,
    "num_points": 14
  },
  "rows": [
    {
      "id": "pt_0001",
      "t_start": 5.4054,
      "t_end": 7.7744333333333335,
      "gt_or_current_winner": "unknown",
      "features": {
        "pre": {
          "left": 34.77975591023763,
          "right": 34.08101590474447,
          "gap": 0.010147141499131398,
          "strength": 68.8607728149821
        },
        "post": {
          "left": 35.66023020590505,
          "right": 35.817246344781694,
          "gap": -0.0021967218801936255,
          "strength": 71.47747755068674
        },
        "recovery": {
          "left": 35.47787371548739,
          "right": 35.556911052357066,
          "gap": -0.0011126567922367541,
          "strength": 71.03478576784445
        }
      },
      "winner_guess": {
        "post": {
          "label": "unknown",
          "confidence": 0.0021967218801936255
        },
        "recovery": {
          "label": "unknown",
          "confidence": 0.0011126567922367541
        },
        "final": {
          "label": "unknown",
          "confidence": 0.0
        }
      }
    },
    {
      "id": "pt_0002",
      "t_start": 11.644966666666667,
      "t_end": 13.646966666666668,
      "gt_or_current_winner": "unknown",
      "features": {
        "pre": {
          "left": 38.272247950236,
          "right": 37.663357416788735,
          "gap": 0.0080185115070297,
          "strength": 75.93560636702473
        },
        "post": {
          "left": 35.44158221829322,
          "right": 35.49992512118432,
          "gap": -0.0008224085483481577,
          "strength": 70.94150833947754
        },
        "recovery": {
          "left": 35.13466339111328,
          "right": 35.14637749411843,
          "gap": -0.00016667514725070824,
          "strength": 70.2810418852317
        }
      },
      "winner_guess": {
        "post": {
          "label": "unknown",
          "confidence": 0.0008224085483481577
        },
        "recovery": {
          "label": "unknown",
          "confidence": 0.00016667514725070824
        },
        "final": {
          "label": "unknown",
          "confidence": 0.0
        }
      }
    },
    {
      "id": "pt_0003",
      "t_start": 19.686333333333334,
      "t_end": 30.997633333333333,
      "gt_or_current_winner": "unknown",
      "features": {
        "pre": {
          "left": 37.28903738657633,
          "right": 36.460378646850586,
          "gap": 0.011236139525688141,
          "strength": 73.74941703342691
        },
        "post": {
          "left": 34.84668836285991,
          "right": 35.10052791718514,
          "gap": -0.003629015766402032,
          "strength": 69.94721728004504
        },
        "recovery": {
          "left": 35.04700192538175,
          "right": 35.15274935635654,
          "gap": -0.0015063789762445716,
          "strength": 70.19975228173828
        }
      },
      "winner_guess": {
        "post": {
          "label": "unknown",
          "confidence": 0.003629015766402032
        },
        "recovery": {
          "label": "unknown",
          "confidence": 0.0015063789762445716
        },
        "final": {
          "label": "unknown",
          "confidence": 0.0
        }
      }
    },
    {
      "id": "pt_0004",
      "t_start": 33.533500000000004,
      "t_end": 38.104733333333336,
      "gt_or_current_winner": "unknown",
      "features": {
        "pre": {
          "left": 31.84480889638265,
          "right": 31.54856077829997,
          "gap": 0.004673171893681817,
          "strength": 63.393370674682615
        },
        "post": {
          "left": 34.966799274567634,
          "right": 35.12397236977854,
          "gap": -0.0022424220661460504,
          "strength": 70.09077264434617
        },
        "recovery": {
          "left": 34.920489120483396,
          "right": 34.9516077561812,
          "gap": -0.00044536569880484524,
          "strength": 69.87209787666458
        }
      },
      "winner_guess": {
        "post": {
          "label": "unknown",
          "confidence": 0.0022424220661460504
        },
        "recovery": {
          "label": "unknown",
          "confidence": 0.00044536569880484524
        },
        "final": {
          "label": "unknown",
          "confidence": 0.0
        }
      }
    },
    {
      "id": "pt_0005",
      "t_start": 55.922533333333334,
      "t_end": 57.057,
      "gt_or_current_winner": "unknown",
      "features": {
        "pre": {
          "left": 35.199474016825356,
          "right": 34.984527905782066,
          "gap": 0.003062608316603325,
          "strength": 70.18400292260742
        },
        "post": {
          "left": 35.07797388876638,
          "right": 35.207722325478834,
          "gap": -0.0018460147918424163,
          "strength": 70.2856972142452
        },
        "recovery": {
          "left": 35.29380031932484,
          "right": 35.33346467451616,
          "gap": -0.0005616011696499615,
          "strength": 70.627265993841
        }
      },
      "winner_guess": {
        "post": {
          "label": "unknown",
          "confidence": 0.0018460147918424163
        },
        "recovery": {
          "label": "unknown",
          "confidence": 0.0005616011696499615
        },
        "final": {
          "label": "unknown",
          "confidence": 0.0
        }
      }
    },
    {
      "id": "pt_0006",
      "t_start": 65.1651,
      "t_end": 73.90716666666667,
      "gt_or_current_winner": "unknown",
      "features": {
        "pre": {
          "left": 36.3758602142334,
          "right": 36.65529123942057,
          "gap": -0.003826189452021873,
          "strength": 73.03115245365396
        },
        "post": {
          "left": 35.624369959677416,
          "right": 35.51845378260459,
          "gap": 0.001488782283477133,
          "strength": 71.142824742282
        },
        "recovery": {
          "left": 35.75249834927646,
          "right": 35.749399081143466,
          "gap": 4.3345256573963016e-05,
          "strength": 71.50189843041991
        }
      },
      "winner_guess": {
        "post": {
          "label": "unknown",
          "confidence": 0.001488782283477133
        },
        "recovery": {
          "label": "unknown",
          "confidence": 4.3345256573963016e-05
        },
        "final": {
          "label": "unknown",
          "confidence": 0.0
        }
      }
    },
    {
      "id": "pt_0007",
      "t_start": 83.51676666666667,
      "t_end": 85.7857,
      "gt_or_current_winner": "unknown",
      "features": {
        "pre": {
          "left": 39.76418876647949,
          "right": 40.293626149495445,
          "gap": -0.006613187943718404,
          "strength": 80.05781591597494
        },
        "post": {
          "left": 35.4896618012459,
          "right": 35.395044511364354,
          "gap": 0.0013348053969423016,
          "strength": 70.88470731261026
        },
        "recovery": {
          "left": 35.27074557217685,
          "right": 35.268970316106625,
          "gap": 2.5166759217880437e-05,
          "strength": 70.53971688828346
        }
      },
      "winner_guess": {
        "post": {
          "label": "unknown",
          "confidence": 0.0013348053969423016
        },
        "recovery": {
          "label": "unknown",
          "confidence": 2.5166759217880437e-05
        },
        "final": {
          "label": "unknown",
          "confidence": 0.0
        }
      }
    },
    {
      "id": "pt_0008",
      "t_start": 88.62186666666666,
      "t_end": 90.75733333333334,
      "gt_or_current_winner": "unknown",