{
  "meta": {
    "draft_path": "C:\\Users\\MSI\\scoreboard_tool\\matches\\Vinh_set1_segdebug_v4_draft.json",
    "video_path": "C:\\Users\\MSI\\scoreboard_tool\\Vinh_set1.mp4",
    "player_a_side": "right",
    "stride": 2,
    "roi_original": {
      "x": 843,
      "y": 746,
      "w": 713,
      "h": 226
    },
    "roi_used": {
      "x": 665,
      "y": 520,
      "w": 1069,
      "h": 497
    },
    "use_play_zone": true,
    "pre_sec": 0.35,
    "post_sec": 1.2,
    "recovery_sec": 2.0,
    "margin_sec": 0.15,
    "min_gap": 0.08,
    "num_points": 14
  },
  "rows": [
    {
      "id": "pt_0001",
      "t_start": 5.4054,
      "t_end": 7.7744333333333335,
      "gt_or_current_winner": "unknown",
      "features": {
        "pre": {
          "left": 33.75541687011719,
          "right": 33.79044977823893,
          "gap": -0.0005186536103751572,
          "strength": 67.54586764835611
        },
        "post": {
          "left": 33.6503650296119,
          "right": 33.43197022714922,
          "gap": 0.0032556230842461778,
          "strength": 67.08233625676112
        },
        "recovery": {
          "left": 34.46918841275302,
          "right": 34.68313005620783,
          "gap": -0.003093773934088179,
          "strength": 69.15231946896085
        }
      },
      "winner_guess": {
        "post": {
          "label": "unknown",
          "confidence": 0.0032556230842461778
        },
        "recovery": {
          "label": "unknown",
          "confidence": 0.003093773934088179
        },
        "final": {
          "label": "unknown",
          "confidence": 0.0
        }
      }
    },
    {
      "id": "pt_0002",
      "t_start": 11.644966666666667,
      "t_end": 13.646966666666668,
      "gt_or_current_winner": "unknown",
      "features": {
        "pre": {
          "left": 31.2868496576945,
          "right": 35.52610206604004,
          "gap": -0.06344955933731085,
          "strength": 66.81295272373454
        },
        "post": {
          "left": 32.45797298800561,
          "right": 32.814243439705145,
          "gap": -0.005458225041827447,
          "strength": 65.27221742771076
        },
        "recovery": {
          "left": 33.189795788851654,
          "right": 33.33639030456543,
          "gap": -0.0022035610654782037,
          "strength": 66.52618709341708
        }
      },
      "winner_guess": {
        "post": {
          "label": "unknown",
          "confidence": 0.005458225041827447
        },
        "recovery": {
          "label": "unknown",
          "confidence": 0.0022035610654782037
        },
        "final": {
          "label": "unknown",
          "confidence": 0.0
        }
      }
    },
    {
      "id": "pt_0003",
      "t_start": 19.686333333333334,
      "t_end": 30.997633333333333,
      "gt_or_current_winner": "unknown",
      "features": {
        "pre": {
          "left": 33.67606131235758,
          "right": 40.77730242411295,
          "gap": -0.09537837728207965,
          "strength": 74.45336473647053
        },
        "post": {
          "left": 36.037171271539506,
          "right": 36.42060759759718,
          "gap": -0.005291858607180439,
          "strength": 72.45777986913669
        },
        "recovery": {
          "left": 35.54878415194425,
          "right": 35.9586331800981,
          "gap": -0.005731559574011326,
          "strength": 71.50741833204233
        }
      },
      "winner_guess": {
        "post": {
          "label": "unknown",
          "confidence": 0.005291858607180439
        },
        "recovery": {
          "label": "unknown",
          "confidence": 0.005731559574011326
        },
        "final": {
          "label": "unknown",
          "confidence": 0.0
        }
      }
    },
    {
      "id": "pt_0004",
      "t_start": 33.533500000000004,
      "t_end": 38.104733333333336,
      "gt_or_current_winner": "unknown",
      "features": {
        "pre": {
          "left": 32.629279136657715,
          "right": 32.183595975240074,
          "gap": 0.006876460175107492,
          "strength": 64.8128761118978
        },
        "post": {
          "left": 32.42873413332047,
          "right": 32.18296315593104,
          "gap": 0.0038038154683563215,
          "strength": 64.6116982892515
        },
        "recovery": {
          "left": 31.424746946855024,
          "right": 31.75767260464755,
          "gap": -0.0052692767210642776,
          "strength": 63.182420551502574
        }
      },
      "winner_guess": {
        "post": {
          "label": "unknown",
          "confidence": 0.0038038154683563215
        },
        "recovery": {
          "label": "unknown",
          "confidence": 0.0052692767210642776
        },
        "final": {
          "label": "unknown",
          "confidence": 0.0
        }
      }
    },
    {
      "id": "pt_0005",
      "t_start": 55.922533333333334,
      "t_end": 57.057,
      "gt_or_current_winner": "unknown",
      "features": {
        "pre": {
          "left": 31.66258653004964,
          "right": 38.00193659464518,
          "gap": -0.09099825405034746,
          "strength": 69.66452412469482
        },
        "post": {
          "left": 31.343780825215003,
          "right": 31.75777090749433,
          "gap": -0.006560695646158491,
          "strength": 63.10155273270933
        },
        "recovery": {
          "left": 30.720771026611327,
          "right": 31.13654389814897,
          "gap": -0.0067214825816782385,
          "strength": 61.8573159247603
        }
      },
      "winner_guess": {
        "post": {
          "label": "unknown",
          "confidence": 0.006560695646158491
        },
        "recovery": {
          "label": "unknown",
          "confidence": 0.0067214825816782385
        },
        "final": {
          "label": "unknown",
          "confidence": 0.0
        }
      }
    },
    {
      "id": "pt_0006",
      "t_start": 65.1651,
      "t_end": 73.90716666666667,
      "gt_or_current_winner": "unknown",
      "features": {
        "pre": {
          "left": 31.38725980122884,
          "right": 36.91953214009603,
          "gap": -0.080991539796333,
          "strength": 68.30679294132487
        },
        "post": {
          "left": 30.25521364519673,
          "right": 30.733654452908425,
          "gap": -0.007844723386198356,
          "strength": 60.988869098105155
        },
        "recovery": {
          "left": 30.066792089288885,
          "right": 30.45580836209384,
          "gap": -0.006427619822612031,
          "strength": 60.52260145138273
        }
      },
      "winner_guess": {
        "post": {
          "label": "unknown",
          "confidence": 0.007844723386198356
        },
        "recovery": {
          "label": "unknown",
          "confidence": 0.006427619822612031
        },
        "final": {
          "label": "unknown",
          "confidence": 0.0
        }
      }
    },
    {
      "id": "pt_0007",
      "t_start": 83.51676666666667,
      "t_end": 85.7857,
      "gt_or_current_winner": "unknown",
      "features": {
        "pre": {
          "left": 31.266313870747883,
          "right": 30.32505512237549,
          "gap": 0.01528231550097823,
          "strength": 61.591369993123365
        },
        "post": {
          "left": 30.034516365297378,
          "right": 30.156972269858084,
          "gap": -0.002034438843480362,
          "strength": 60.19148963515546
        },
        "recovery": {
          "left": 30.16251650723544,
          "right": 30.020543844049627,
          "gap": 0.002359013649324491,
          "strength": 60.18306135128506
        }
      },
      "winner_guess": {
        "post": {
          "label": "unknown",
          "confidence": 0.002034438843480362
        },
        "recovery": {
          "label": "unknown",
          "confidence": 0.002359013649324491
        },
        "final": {
          "label": "unknown",