{
  "meta": {
    "video": "Vinh_1280_2min.mp4",
    "width": 1280,
    "height": 720,
    "fps": 59.94005994005994,
    "frame_count": 7193,
    "best_of": 5
  },
  "roi": {
    "x": 0,
    "y": 232,
    "w": 1028,
    "h": 488
  },
  "events": [
    {
      "t": 0.050050000000000004,
      "kind": "motion_peak",
      "value": 8.888000733558716
    },
    {
      "t": 2.1021,
      "kind": "motion_peak",
      "value": 9.634560183708619
    },
    {
      "t": 10.06005,
      "kind": "motion_peak",
      "value": 8.006629935574407
    },
    {
      "t": 58.60855,
      "kind": "motion_peak",
      "value": 9.630892390125663
    }
  ]
}