{
  "meta": {
    "video": "Vinh_1280_2min.mp4",
    "width": 1280,
    "height": 720,
    "fps": 59.94005994005994,
    "frame_count": 7193,
    "best_of": 5
  },
  "roi": {
    "x": 0,
    "y": 232,
    "w": 1028,
    "h": 488
  },
  "events": [
    {
      "t": 0.35035000000000005,
      "kind": "motion_peak",
      "value": 10.718869601964661
    },
    {
      "t": 58.6586,
      "kind": "motion_peak",
      "value": 11.891327661542388
    }
  ]
}